feature,fold_1,fold_2,fold_3,fold_4,fold_5
item_id,82024,105567,78590,77588,88800
dept_id,4336,5834,4412,4425,5064
cat_id,1317,1736,1259,1245,1304
store_id,41339,52798,38699,38991,44766
state_id,8124,10791,7796,7749,9001
year,24141,31189,23585,23162,26972
month,6777,8823,6494,6633,7738
week,32688,42297,31975,31791,35649
day,57887,76101,55598,56765,65515
weekday,29180,39779,28739,28162,34091
event_name_1,2845,3610,2765,2908,3214
event_type_1,1496,2129,1456,1535,1658
snap_CA,4030,4963,3808,3863,4363
snap_TX,7567,10300,7268,7194,8760
snap_WI,8478,10789,7949,8138,9189
sell_price,62470,85604,58450,60509,69385
lag_t28,53344,66474,49146,49863,55747
lag_t29,51150,65367,49051,48396,55600
lag_t30,54043,67215,49663,51541,56873
rolling_mean_t7,77737,97002,73582,74271,83012
rolling_std_t7,98868,126597,94430,92605,107594
rolling_mean_t30,83416,114150,80898,80538,94800
rolling_mean_t90,72669,96295,70880,69911,79035
rolling_mean_t180,72634,98660,71282,69231,81066
rolling_std_t30,68851,92343,67922,66697,77108
price_change_t1,437,586,441,518,479
price_change_t365,23126,30388,22476,23182,25042
rolling_price_std_t7,4179,5542,3936,4095,4994
rolling_price_std_t30,16584,22727,15198,16242,18892
---,---,---,---,---,---
item_id,58994,60413,59201,59195,59678
dept_id,3566,3526,3488,3315,3627
cat_id,975,1036,1058,962,995
store_id,30748,31772,31756,30973,31043
state_id,6590,6824,6563,6440,6436
year,19098,18839,19023,18974,19340
month,5093,5248,5188,5200,5324
week,25819,25128,25438,25613,25586
day,45746,45794,45431,46117,46825
weekday,23917,24236,24290,23720,23679
event_name_1,2226,2131,2210,2068,2238
event_type_1,1193,1199,1092,1221,1295
snap_CA,2886,2812,2843,2855,2784
snap_TX,5804,5977,5777,5715,5837
snap_WI,5944,6151,6081,6146,6411
sell_price,47801,49140,49125,49080,49798
lag_t28,41452,41981,41021,41203,41488
lag_t29,40896,40964,41114,40574,42076
lag_t30,40809,41318,40632,40937,41461
rolling_mean_t7,58647,60335,59410,58766,59500
rolling_std_t7,71030,73473,71961,71710,72515
rolling_mean_t30,66578,67957,66871,66854,67083
rolling_mean_t90,54610,55983,54956,54510,55181
rolling_mean_t180,54955,55394,54751,54738,54944
rolling_std_t30,50742,53627,52376,51718,51680
price_change_t1,442,442,330,422,351
price_change_t365,18422,18695,18495,18669,18978
rolling_price_std_t7,3475,3419,3308,3527,3484
rolling_price_std_t30,11919,12939,12729,13249,13022
---,---,---,---,---,---
item_id,61698,60263,59893,59509,60979
dept_id,3579,3689,3504,3599,3533
cat_id,1043,1023,1022,1109,1050
store_id,32790,31564,32396,31809,32728
state_id,6738,6562,6839,6801,6632
year,19654,19801,19477,19850,19847
month,6444,6760,6716,6861,6898
week,30499,30653,30751,30773,30610
day,46217,46246,46340,46434,46149
weekday,23126,23647,23814,23166,23478
event_name_1,3386,3002,2939,2988,2959
event_type_1,1429,1407,1409,1439,1531
snap_CA,2808,2808,2894,2820,2845
snap_TX,5745,5813,5707,5742,5621
snap_WI,5951,6044,6058,6011,6024
sell_price,50072,49847,48910,50394,49804
lag_t28,42473,41804,41661,42201,42917
lag_t29,40945,42418,41615,41428,41229
lag_t30,41845,42378,41204,42685,42377
rolling_mean_t7,60666,60906,60281,60382,61032
rolling_std_t7,71609,72484,70496,71129,71829
rolling_mean_t30,67876,68226,67124,67355,67974
rolling_mean_t90,52787,53529,51008,52801,52457
rolling_mean_t180,53586,52645,52287,53825,53314
rolling_std_t30,49685,50046,48453,50014,49391
price_change_t1,474,391,458,369,362
price_change_t365,18622,18536,18267,18442,18321
rolling_price_std_t7,3750,3788,3691,3864,3738
rolling_price_std_t30,13303,12520,13351,12953,13171
---,---,---,---,---,---
item_id,51581,52803,52747,52120,51712
dept_id,2417,2397,2446,2346,2469
cat_id,750,668,752,685,707
store_id,25240,25443,25172,25370,25249
state_id,5000,5194,5031,5068,5217
year,15075,14971,15213,15112,14968
month,5103,5065,4997,5045,5003
week,22447,22041,22464,22908,22010
day,37716,37534,37678,37999,37920
weekday,18858,18856,18445,18568,18622
event_name_1,2620,2624,2684,2695,2693
event_type_1,1020,896,932,997,1000
snap_CA,1943,1884,1879,1855,1818
snap_TX,4092,4113,4069,4080,4105
snap_WI,4711,4772,4530,4656,4647
sell_price,37862,38452,39122,38786,38452
lag_t28,30301,29949,30153,31091,30526
lag_t29,30210,29735,29268,30190,29995
lag_t30,30784,31059,30179,30267,30847
rolling_mean_t7,46449,46693,46050,46641,46603
rolling_std_t7,52400,52500,52849,52799,52619
rolling_mean_t30,49365,50022,48871,49149,49464
rolling_mean_t90,35344,35959,35316,35388,35800
rolling_mean_t180,40180,41087,40337,41232,41097
rolling_std_t30,34814,35266,34354,34679,35497
price_change_t1,325,347,306,297,390
price_change_t365,14508,14618,14812,14833,14498
rolling_price_std_t7,3357,3472,3477,3318,3145
rolling_price_std_t30,10047,10611,9708,9810,9971
lag_t24,32974,33180,32659,33633,34159
lag_t25,32967,33352,33421,33575,33860
lag_t26,32350,32037,31590,32290,32736
lag_t27,33346,32963,31697,33155,32952
rolling_mean_t60,36697,36439,35497,36016,35991
rolling_std_t60,31853,31798,31907,32147,32058
---,---,---,---,---,---
item_id,55768,56408,54659,55033,54439
dept_id,3016,2909,2793,2992,2695
cat_id,942,928,796,924,862
store_id,28476,27850,27911,27451,27984
state_id,6162,5962,5914,6086,5827
year,17915,18004,17430,17413,17224
month,5521,5452,5373,5450,5263
week,26604,26314,26292,26232,25969
day,42622,42178,42346,41461,41873
weekday,21477,21635,21284,21045,21547
event_name_1,2737,2788,2783,2698,2858
event_type_1,1211,1170,1213,1329,1252
snap_CA,2218,2360,2202,2221,2221
snap_TX,5050,5063,5132,5138,4933
snap_WI,5398,5419,5335,5307,5349
sell_price,43143,43334,42519,43018,42214
lag_t28,37131,35669,36945,36180,35762
lag_t29,39187,39272,39547,38001,38157
lag_t30,36129,36444,36317,35017,34363
rolling_mean_t7,53609,52738,54002,52531,51948
rolling_std_t7,61819,61012,61976,61134,59960
rolling_mean_t30,53707,53840,54162,53660,52837
rolling_mean_t90,39786,39614,39700,39857,38982
rolling_mean_t180,44961,45252,46131,44945,43632
rolling_std_t30,39502,38824,39507,38635,38468
price_change_t1,407,370,362,363,437
price_change_t365,16251,15897,15636,16137,15765
rolling_price_std_t7,3315,3661,3530,3521,3355
rolling_price_std_t30,10743,10536,10840,11443,11097
lag_t27,38577,39227,39701,38077,37993
rolling_mean_t60,41538,41109,42396,40864,41009
rolling_std_t60,33878,33467,34066,34402,34102
---,---,---,---,---,---
item_id,56792,57680,57283,56375,58042
dept_id,3024,2994,2995,3036,3110
cat_id,1024,1072,1022,1064,1076
store_id,29914,29417,30213,30194,29562
state_id,6019,6047,6259,6077,6308
year,19080,18815,19046,19512,18980
month,5430,5327,5456,5416,5322
week,27830,27632,28317,28072,28098
day,45499,45697,46829,45414,45842
weekday,22361,22138,22838,22080,22270
event_name_1,2887,2870,2978,2985,3081
event_type_1,1199,1116,1135,1172,1270
snap_CA,2349,2411,2465,2359,2388
snap_TX,5162,5221,5296,5216,5255
snap_WI,5633,5700,5809,5682,5597
sell_price,45996,47009,46665,46933,48225
lag_t28,37626,38737,38229,38315,38729
lag_t29,37492,37459,37530,38209,38394
lag_t30,38721,39456,38033,39340,39108
rolling_mean_t7,57256,58009,57865,58099,58891
rolling_std_t7,61940,63602,61937,62591,63065
rolling_mean_t30,55069,55487,55156,55522,55240
rolling_mean_t90,42807,42624,42471,43083,41792
rolling_mean_t180,48411,47116,47923,48052,47680
rolling_std_t30,41698,41850,41068,41139,39837
price_change_t1,383,351,583,316,459
price_change_t365,16259,16994,16571,16528,16528
rolling_price_std_t7,3576,3941,4219,3794,3891
rolling_price_std_t30,12108,12440,12729,11272,11644
rolling_mean_t60,43023,43106,43101,43703,43441
rolling_std_t60,36091,36482,36779,37250,35675
---,---,---,---,---,---
item_id,60160,61363,60915,60392,61033
dept_id,3928,3512,3505,3461,3750
cat_id,1043,1079,981,1055,1007
store_id,32325,32087,31968,32203,32424
state_id,6483,6846,6778,6716,6962
year,19045,19847,19436,19913,19696
month,6012,6501,6247,6105,6447
week,29844,30305,30153,30211,29284
day,48492,49219,48822,49603,48634
weekday,25316,25430,25643,25597,25470
event_name_1,3169,3271,3125,3249,3148
event_type_1,1547,1492,1496,1523,1492
snap_CA,2971,3036,3070,2974,2870
snap_TX,6168,6383,6336,6019,6197
snap_WI,6447,6430,6755,6537,6529
sell_price,50262,51458,49470,49349,49356
lag_t28,47440,46845,46957,47329,47091
rolling_mean_t7,68903,69505,70327,69338,68905
rolling_std_t7,72974,72024,72280,71693,72648
rolling_mean_t30,60736,60402,60491,60733,60311
rolling_mean_t90,48335,47372,46885,47251,47350
rolling_mean_t180,50884,51029,51152,50656,51378
rolling_std_t30,46188,45024,45724,45235,45801
price_change_t1,509,381,477,470,515
price_change_t365,16340,16125,16895,16228,16736
rolling_price_std_t7,3860,4000,3963,3683,4063
rolling_price_std_t30,13380,12719,13513,12927,13930
rolling_mean_t60,45692,45663,45355,45219,45266
rolling_std_t60,40347,39452,40081,39037,40507
---,---,---,---,---,---
item_id,66955,64092,66571,62032,66201
dept_id,3096,3451,3502,3319,3348
cat_id,987,1073,1013,934,1006
store_id,31706,31995,31328,29808,31898
state_id,7019,7007,7125,6431,6951
year,20666,20527,21061,19096,20789
month,6106,6109,6241,5836,6257
week,30888,30395,30493,28742,30678
day,51573,51917,53988,48456,52974
weekday,28850,28285,28578,26593,29054
event_name_1,3463,3315,3435,3510,3529
event_type_1,1386,1367,1349,1305,1485
snap_CA,2985,2837,2841,2673,2886
snap_TX,6266,6119,6345,5728,6277
snap_WI,6644,6769,6739,6216,6878
sell_price,46604,46696,45728,43937,47231
rolling_mean_t7,75604,74904,73935,69380,74320
rolling_std_t7,79441,76242,79719,72605,78002
rolling_mean_t30,69108,66652,68938,62663,67147
rolling_mean_t90,47373,46981,49390,44194,47047
rolling_mean_t180,49870,48755,50521,45651,49204
rolling_std_t30,47924,47192,48746,44888,48191
price_change_t1,564,553,536,408,493
price_change_t365,17201,16902,16767,15608,16920
rolling_price_std_t7,3846,4306,4189,3884,4306
rolling_price_std_t30,14158,14141,14145,13926,14330
rolling_mean_t60,51496,49505,51814,46781,50311
rolling_std_t60,40880,40243,41716,36645,40852
---,---,---,---,---,---
item_id,62934,66218,67044,68508,60824
dept_id,3370,3418,3286,3667,3201
cat_id,920,944,1089,1033,944
store_id,31532,32035,32020,31822,29544
state_id,6768,7086,7179,7083,6555
year,20728,20545,20444,21269,20071
month,6122,6242,6190,6365,5987
week,30246,30629,31128,30785,28823
day,51399,52102,52231,52281,47398
weekday,28243,29625,29461,28827,25723
event_name_1,3534,3692,3569,3452,3178
event_type_1,1358,1454,1417,1451,1291
snap_CA,2833,2814,2864,2916,2657
snap_TX,6154,6085,6214,6186,5731
snap_WI,6552,6822,6769,6727,6154
sell_price,46077,46756,48487,49593,44980
rolling_mean_t7,71425,72994,74276,72831,67925
rolling_std_t7,76238,78278,78080,78747,71917
rolling_mean_t28,67494,69148,68385,67669,63437
rolling_std_t28,47592,49302,48791,49113,43474
rolling_mean_t56,49677,51029,51794,51693,45861
rolling_std_t56,41046,42154,42048,42483,37737
rolling_mean_t84,47408,47410,47969,47167,43397
rolling_mean_t168,51476,52033,51514,51400,45511
price_change_t1,589,527,532,507,515
price_change_t365,17297,17453,17996,18052,16541
rolling_price_std_t7,4197,4187,4258,4012,3818
rolling_price_std_t28,13074,13724,13765,13161,11914
---,---,---,---,---,---
item_id,59866,67072,67764,68183,66507
dept_id,3054,3385,3702,3376,3258
cat_id,928,1107,1073,1021,989
store_id,28869,32655,32622,32197,32313
state_id,6299,7010,7053,7279,6950
year,18597,20623,20277,20896,20400
month,5731,6309,6082,6275,6305
week,28255,31775,31428,31500,30859
day,47082,54029,52682,52850,52854
weekday,25695,29876,30230,29467,29757
event_name_1,3117,3524,3565,3359,3527
event_type_1,1293,1372,1471,1445,1524
snap_CA,2511,2915,2965,2882,2841
snap_TX,5658,6229,6283,6118,6306
snap_WI,5981,6794,6653,6665,6717
sell_price,41349,48232,48125,47387,46220
rolling_mean_t7,66707,75615,74875,74701,75299
rolling_std_t7,71930,80332,79776,80457,79109
rolling_mean_t32,60045,68033,67565,68596,67346
rolling_std_t32,40219,47925,48442,48362,46998
rolling_mean_t64,43021,49172,48970,49819,48537
rolling_std_t64,34608,41410,40641,41956,40364
rolling_mean_t96,39698,45969,46325,46403,44952
rolling_mean_t180,43397,50161,50902,50610,49218
price_change_t1,485,485,454,579,587
price_change_t365,15409,17665,17696,17402,17312
rolling_price_std_t7,3520,4324,4117,4239,4242
rolling_price_std_t32,13126,14802,15015,14776,15227
---,---,---,---,---,---
item_id,56034,57497,55617,56109,57521
dept_id,2987,3167,3302,3139,3484
cat_id,918,927,996,967,1018
store_id,28270,29511,29606,29208,29534
state_id,6205,6672,6416,6425,6375
year,17811,18434,17517,17898,18171
month,5530,5696,5421,5608,5736
week,27045,27782,26611,26968,28121
day,48413,50347,48270,49650,49494
weekday,26536,29206,27551,28031,28053
event_name_1,3061,3372,3029,3147,3135
event_type_1,1374,1506,1405,1417,1440
snap_CA,2583,2589,2615,2689,2541
snap_TX,5991,6371,5983,6033,6251
snap_WI,6307,6627,6468,6615,6583
sell_price,43258,44984,43107,43529,43456
rolling_mean_t7,66930,67235,66545,65707,67564
rolling_std_t7,76337,77735,75955,75140,77627
rolling_mean_t30,58234,58042,58879,58614,58239
rolling_std_t30,40815,40339,40347,40691,40693
rolling_mean_t90,33122,32881,33141,32840,33259
rolling_std_t90,23086,22634,22551,22722,22708
rolling_mean_t120,30211,30437,30779,29800,30716
rolling_std_t120,23385,22761,23295,22733,22932
rolling_mean_t180,34627,33898,34629,34065,35757
rolling_std_t180,29276,28606,29054,28775,28989
rolling_mean_t60,43017,42513,43014,42702,43015
rolling_std_t60,29519,28894,29695,28973,29851
price_change_t1,546,452,544,491,461
price_change_t365,15907,15744,15405,15487,15958
rolling_price_std_t7,4068,3867,3886,3850,3915
rolling_price_std_t30,13068,11933,12838,12401,12109
---,---,---,---,---,---
id,61433,60306,61531,62310,59992
item_id,52005,51744,50862,51584,49235
dept_id,2058,2076,2206,2206,2037
cat_id,564,575,582,573,552
store_id,50981,48860,49845,49059,49564
state_id,9255,9251,9314,9657,9635
d,101216,102308,100585,100734,101342
release,35316,34255,34863,33911,34006
sell_price,16120,16220,16003,16303,15968
price_max,16557,16320,16903,17076,16624
price_min,24399,24134,24344,24419,23582
price_std,56132,54949,55627,55978,54841
price_mean,28911,28538,28594,29354,27789
price_norm,18097,18562,18038,18266,17895
price_nunique,15539,15420,15387,16165,15411
item_nunique,57588,56138,56365,57535,57542
price_momentum,4033,4443,4073,4115,3989
price_momentum_m,49657,49570,49968,50822,50553
price_momentum_y,35968,36637,35570,37207,36617
event_name_1,3746,4096,4019,3672,4084
event_type_1,1816,1896,1770,1760,1830
event_name_2,219,190,250,207,243
event_type_2,153,144,176,130,184
snap_CA,2943,3097,3049,2822,3071
snap_TX,7132,7487,7597,7184,7598
snap_WI,7131,7938,7892,7651,8027
tm_d,57831,59778,58358,58145,58002
tm_w,29602,30681,29102,28653,30814
tm_m,6449,6921,6434,6413,6819
tm_y,17182,17770,17998,16632,17391
tm_wm,8502,8432,8545,8179,8837
tm_dw,34484,34430,35095,34418,34940
tm_w_end,5781,5634,5808,5660,5692
---,---,---,---,---,---
id,41317,40817,41040,41309,40837
item_id,40080,40911,40583,40796,40307
dept_id,1621,1477,1543,1523,1470
cat_id,540,487,460,509,530
store_id,33366,33766,34146,34190,33427
state_id,6527,6594,6756,6691,6520
year,20705,20895,20655,20630,20816
month,6909,7144,7214,7009,7012
week,28427,28900,28402,29042,29294
day,50710,50019,50263,51811,50798
weekday,28526,28523,28675,29385,28715
event_name_1,3566,3508,3674,3539,3546
event_type_1,1464,1604,1512,1549,1543
snap_CA,3025,3098,2968,3068,2963
snap_TX,6419,6642,6274,6575,6699
snap_WI,7194,6965,7068,7495,7290
sell_price,48512,47753,49888,48298,47702
rolling_mean_t7,71645,71328,71482,71443,72116
rolling_std_t7,76697,76051,76284,75692,76498
rolling_mean_t30,63411,63391,63381,62790,63280
rolling_mean_t90,48990,50815,49775,49431,48181
rolling_mean_t180,52499,53698,52600,52075,52790
rolling_std_t30,46859,47900,47822,48118,47485
price_change_t1,515,509,623,586,526
price_change_t365,17219,17361,17184,17085,16947
rolling_price_std_t7,4231,4236,4115,4345,4244
rolling_price_std_t30,15055,14981,14794,15878,14477
rolling_mean_t60,47446,48326,47523,46801,47476
rolling_std_t60,41231,41101,42096,41137,41217
---,---,---,---,---,---
item_id,66252,66532,67524,65405,64363
dept_id,3554,3525,3556,3458,3278
cat_id,992,938,988,967,950
store_id,32129,32644,31884,31287,31282
state_id,7274,7010,6953,7075,6937
tm_y,22066,22548,22011,21219,21496
tm_m,6189,6564,6540,6071,6192
tm_w,31299,30897,31008,29904,31117
tm_d,51845,52918,52365,52380,51333
tm_dw,30398,29979,31032,29903,29137
event_name_1,3470,3177,3414,3244,3320
event_type_1,1405,1330,1439,1388,1351
snap_CA,2883,2839,2813,2678,2812
snap_TX,6386,6433,6471,6463,6289
snap_WI,6792,6674,6452,6712,6636
sell_price,48425,49670,49860,46052,48497
rolling_mean_t7,73794,76054,75711,75210,73491
rolling_std_t7,77767,79410,79717,78261,77255
rolling_mean_t30,68570,67037,68431,66661,67170
rolling_mean_t90,48525,48513,47053,44213,46303
rolling_mean_t180,50787,49776,49507,47928,47801
rolling_std_t30,49178,48269,48308,46890,47659
price_change_t1,477,468,531,506,464
price_change_t365,16449,16872,16251,15544,15474
rolling_price_std_t7,3835,3643,3951,3739,3563
rolling_price_std_t30,14402,13566,14533,14452,13884
rolling_mean_t60,50591,50570,50392,48819,49138
rolling_std_t60,41019,40944,40105,37807,39091
---,---,---,---,---,---
item_id,69510,66396,64836,68894,67767
dept_id,3483,3730,3172,3433,3404
cat_id,1082,1025,860,1025,997
store_id,33281,32465,30530,33167,32288
state_id,7340,7197,6849,7184,7330
tm_y,21881,22150,20950,21870,22324
tm_m,6697,6463,5873,6464,6368
tm_w,31925,31132,28959,30374,31366
tm_d,54222,53132,47726,53567,53802
tm_dw,31330,31707,27726,32126,30681
event_name_1,3332,3329,2992,3446,3359
event_type_1,1467,1452,1246,1407,1462
snap_CA,2965,2887,2725,2873,2870
snap_TX,6563,6499,5767,6606,6745
snap_WI,6841,7042,6116,6933,6879
sell_price,50057,49145,47640,48462,48795
rolling_mean_t7,79867,75907,73095,76006,77133
rolling_std_t7,83480,82339,73491,82322,80800
rolling_mean_t30,71864,69718,63550,70356,69689
rolling_mean_t90,48164,47799,43621,48311,47634
rolling_mean_t180,49792,51804,45824,50503,50629
rolling_std_t30,50601,50072,45755,49748,49839
price_change_t1,570,477,521,541,576
price_change_t365,16793,16409,15561,16690,16528
rolling_price_std_t7,4175,4108,3518,3616,3812
rolling_price_std_t30,15693,14607,13784,15015,15373
rolling_mean_t60,52199,51468,47145,52544,52128
rolling_std_t60,42284,40623,37793,41693,42551
---,---,---,---,---,---
id,35016,34647,34967,35149,35009
item_id,32333,32602,32595,32455,31993
dept_id,1614,1610,1732,1619,1638
cat_id,426,455,469,385,442
store_id,28070,28353,28277,27942,28127
state_id,5882,5871,5854,5823,5778
tm_y,18450,18481,18689,18854,18687
tm_m,7240,6799,7320,7103,7093
tm_w,33383,33471,33304,32828,33110
tm_d,54875,55617,55437,55581,55028
tm_dw,31645,31906,31942,31130,31385
release,19879,19718,19886,20093,19668
sell_price,10635,10408,10512,10494,10461
price_max,13132,12864,13089,13033,13278
price_min,18895,19179,18587,18855,19592
price_std,35933,36273,36158,36524,35795
price_mean,18244,18510,18297,18111,18333
price_norm,19714,19551,19588,19750,19625
price_nunique,12251,12251,12493,12203,11997
item_nunique,42464,42705,42279,42671,42454
price_momentum,2629,2818,2334,2612,2724
price_momentum_m,40415,39327,39871,39897,39476
price_momentum_y,26482,26344,25765,25894,25842
event_name_1,4109,3958,3969,3937,3982
event_type_1,1904,1835,1817,1756,1830
event_name_2,216,211,219,225,225
event_type_2,151,180,160,175,155
snap_CA,3706,3893,3914,3843,3905
snap_TX,6561,7028,6739,6766,6546
snap_WI,7920,7888,7756,7694,7544
sell_price,10034,9626,9780,9935,9744
rolling_mean_t7,73376,75401,74017,74303,74336
rolling_std_t7,76683,77657,77888,78007,76144
rolling_mean_t30,67154,67314,66911,67216,66804
rolling_std_t30,44292,44087,44819,44353,44852
rolling_mean_t60,51782,51897,52583,52272,52574
rolling_std_t60,40268,40812,40568,40744,41029
rolling_mean_t90,43887,43722,44810,45010,44749
rolling_mean_t180,50243,49900,50489,50971,51325
price_change_t1,571,623,556,661,608
price_change_t365,12269,12245,12199,12382,12474
rolling_price_std_t7,3179,3624,3296,3183,3381
rolling_price_std_t30,11494,11839,11565,11061,11711
---,---,---,---,---,---
id,48364,48099,48927,48274,48289
item_id,42512,42832,42783,42404,43005
dept_id,2162,2239,2128,2131,2195
cat_id,567,651,636,619,589
store_id,38056,38129,37526,38415,37875
state_id,7946,7956,8153,8055,8042
tm_y,24437,24027,25103,24492,24553
tm_m,9328,9785,9635,9711,9491
tm_w,44325,45368,44664,45220,44928
tm_d,75010,75953,75144,76242,75573
tm_dw,48649,48412,46735,48526,46958
release,26616,26421,26674,26606,26929
sell_price,14392,14083,14568,14322,14325
price_max,18597,18255,18603,17963,18045
price_min,25661,25636,26010,25741,25801
price_std,49254,49189,49495,49028,49222
price_mean,24411,24861,24767,24564,24978
price_norm,26889,26960,27253,27133,26244
price_nunique,16888,16632,17054,16757,16746
item_nunique,57113,57065,57381,57325,57547
price_momentum,3028,3668,3498,3424,3453
price_momentum_m,53174,53877,54226,53878,53800
price_momentum_y,33443,33482,33721,34403,34041
event_name_1,5254,5375,5251,5192,5383
event_type_1,2633,2530,2535,2515,2513
event_name_2,261,278,248,259,240
event_type_2,213,228,213,221,217
snap_CA,5648,5592,5740,5635,5498
snap_TX,10300,10368,10225,10059,10240
snap_WI,11454,11252,10995,11402,11255
sell_price,13072,13137,13126,12818,12920
rolling_mean_t7,107604,106687,106992,106156,107145
rolling_std_t7,113214,111535,111463,110884,113793
rolling_mean_t30,92898,92793,91678,93429,93093
rolling_std_t30,67610,66242,66632,66072,66692
rolling_mean_t60,77997,77598,78449,77282,78620
rolling_std_t60,59880,60352,58437,59362,59222
rolling_mean_t90,66051,65485,64347,64308,64329
rolling_mean_t180,70564,72059,71958,69892,71575
price_change_t1,637,814,803,830,833
price_change_t365,16133,15943,16268,15884,16051
rolling_price_std_t7,4767,4763,4676,4583,4508
rolling_price_std_t30,15888,16289,16133,16790,16144
---,---,---,---,---,---
item_id,65191,67143,68408,66184,66675
dept_id,3359,3373,3568,3631,3414
cat_id,1068,1000,1025,1007,1009
store_id,31385,31872,31732,30661,32581
state_id,6937,7027,6889,6813,7084
year,20140,20577,21104,21158,21348
month,6735,6979,7020,6564,6795
week,31523,33091,31862,31889,33644
day,50433,52611,53220,52629,52974
weekday,27511,29860,29322,27888,28287
event_name_1,3115,3383,3339,3198,3236
event_type_1,1334,1383,1289,1410,1301
snap_CA,2879,2935,2872,2854,2924
snap_TX,5959,6325,6046,6102,6136
snap_WI,6382,6854,6688,6585,6630
sell_price,46925,46663,48439,47826,47478
rolling_mean_t7,71518,75457,74107,72746,74509
rolling_std_t7,74595,79537,78129,77218,78140
rolling_mean_t30,64076,66883,67535,65887,66715
rolling_mean_t90,45500,47904,48148,46210,47228
rolling_mean_t180,47848,49704,50922,48868,49096
rolling_std_t30,45312,47254,47724,46819,48512
price_change_t1,527,489,505,510,467
price_change_t365,16553,17422,17402,16552,17987
rolling_price_std_t7,4192,4191,4346,4131,4427
rolling_price_std_t30,13459,14473,14598,13727,14638
rolling_mean_t60,47362,50164,51335,50019,49417
rolling_std_t60,38089,40152,41226,39244,40007
---,---,---,---,---,---
item_id,57296,67632,63955,67451,64483
dept_id,3003,3514,3409,3480,3368
cat_id,905,1041,943,1022,965
store_id,27656,32221,31208,31951,30974
state_id,5926,7191,6829,7116,6848
year,17995,20251,20065,19989,20440
month,5525,6343,6247,6289,6122
week,25724,31222,29782,30176,30440
day,43162,54209,49905,51355,51066
weekday,24267,29618,27445,28517,28508
event_name_1,3020,3471,3433,3482,3335
event_type_1,1194,1398,1345,1396,1434
snap_CA,2450,2881,2788,2860,2857
snap_TX,5011,6357,6139,6039,6123
snap_WI,5422,6766,6408,6519,6570
sell_price,40828,48473,46073,47423,46166
rolling_mean_t7,61041,75900,73012,75166,74670
rolling_std_t7,65809,79141,75914,79742,77638
rolling_mean_t30,56139,66509,65399,69411,66807
rolling_mean_t90,37961,46292,46761,48660,45929
rolling_mean_t180,42482,49426,49869,50018,47870
rolling_std_t30,38304,48397,47138,49970,47088
price_change_t1,405,538,521,483,511
price_change_t365,14897,16776,16527,17074,16764
rolling_price_std_t7,3870,4322,4009,4588,4235
rolling_price_std_t30,12546,15014,13410,14650,13514
rolling_mean_t60,41384,50614,49340,52326,49200
rolling_std_t60,33335,41236,40221,41647,40311
---,---,---,---,---,---
item_id,28871,29114,28196,29168,29528
dept_id,3015,3141,3167,3170,3209
cat_id,605,564,548,600,568
store_id,13205,13205,13533,13333,13045
state_id,2646,2733,2848,2854,2768
year,10605,10705,10546,10473,10618
month,3850,3812,3762,3880,3602
week,13964,13549,13543,14002,13704
day,12268,12346,12555,12214,12018
weekday,5141,5189,5318,4883,5071
event_name_1,1302,1208,1251,1146,1216
event_type_1,502,442,531,433,508
snap_CA,925,923,922,961,934
snap_TX,895,960,933,887,894
snap_WI,1259,1153,1189,1255,1186
sell_price,20543,20744,20527,20915,20416
rolling_mean_t7,13398,13797,13271,13338,13576
rolling_std_t7,14751,14473,14057,13753,14250
rolling_mean_t30,18445,18096,18103,17501,18154
rolling_mean_t90,18638,18956,19193,19091,18893
rolling_mean_t180,23726,23271,23663,23388,23257
rolling_std_t30,16714,17043,17368,17076,17152
price_change_t1,289,286,261,281,263
price_change_t365,11517,11524,11374,11453,11581
rolling_price_std_t7,2901,3038,3154,3134,3106
rolling_price_std_t30,6927,7190,7274,7284,7518
rolling_mean_t60,18074,18018,18166,18032,18315
rolling_std_t60,15902,15512,15986,15919,15608
item_id_gb_sell_price,26172,26058,25811,26626,26092
---,---,---,---,---,---
item_id,6527,7716,7181,7431,5933
dept_id,421,500,495,498,384
cat_id,197,219,209,197,184
store_id,3385,3976,3544,3909,2975
state_id,841,919,905,848,799
weekday,4407,4758,4627,4739,4079
month,585,679,664,738,522
year,1910,2038,2121,2204,1658
event_name_1,770,900,773,919,726
event_type_1,284,381,331,349,279
snap_CA,279,318,281,324,263
snap_TX,825,870,812,874,734
snap_WI,1028,1137,1044,1113,950
day,7139,7881,7463,7871,6314
week,3507,3928,3715,3986,3065
sell_price,4662,5412,5166,5334,4162
lag_t1,7752,9084,8633,9136,7070
lag_t2,7035,8078,7586,7973,6345
lag_t3,6618,7823,7304,7804,6317
lag_t4,5921,6991,6569,6957,5375
lag_t5,7165,7644,7461,7842,6252
lag_t6,7042,7419,7233,7485,5947
lag_t7,6672,7631,7210,7649,6255
lag_t8,6337,7349,6852,7298,6041
lag_t9,5538,6233,6075,6325,4831
lag_t10,5637,6448,5960,6278,5013
lag_t11,5143,5936,5629,6139,4727
lag_t12,5088,5944,5595,5870,4581
lag_t13,5602,6472,5928,6543,5104
lag_t14,6531,7398,7182,7478,6009
lag_t15,5646,6355,6216,6478,4882
lag_t16,5285,6227,5797,6182,4737
lag_t17,5067,6031,5516,6024,4670
lag_t18,5078,5785,5452,5733,4320
lag_t19,4704,5362,4981,5293,4138
lag_t20,5194,6166,5709,6205,4691
lag_t21,5779,6614,6235,6608,5074
lag_t22,5192,6010,5883,6119,4703
lag_t23,4828,5616,5137,5481,4216
lag_t24,5062,5911,5527,5846,4763
lag_t25,5490,6317,5936,6300,4853
lag_t26,5345,6060,5565,6006,4696
lag_t27,5345,6210,5938,6104,5046
lag_t28,5893,6701,6326,6565,5440
rolling_mean_t7,7177,8040,7642,8191,6125
rolling_std_t7,7055,8369,7680,8165,6470
rolling_mean_t28,6924,8108,7739,8132,6048
rolling_std_t28,4217,4932,4652,5096,3922
rolling_mean_t56,4966,5653,5438,5786,4545
rolling_std_t56,3403,4211,3941,4240,3002
rolling_mean_t84,3821,4422,4116,4293,3212
rolling_std_t84,2793,3201,3083,3182,2428
rolling_mean_t112,3574,4110,3975,4238,3202
rolling_std_t112,2556,2882,2815,3006,2347
rolling_mean_t168,4137,4817,4665,4704,3719
rolling_std_t168,3108,3677,3592,3757,2731
price_change_t1,243,253,251,247,220
price_change_t365,2425,2930,2690,2884,2232
rolling_price_std_t7,672,837,862,852,692
rolling_price_std_t28,1104,1397,1252,1341,976
item_id_gb_sell_price,5085,5623,5374,5740,4411
---,---,---,---,---,---
item_id,42913,47115,39939,49289,47164
dept_id,2364,2571,2186,2593,2345
cat_id,783,862,692,845,784
store_id,24594,26096,22711,27086,26219
state_id,5204,5463,4843,5740,5660
weekday,22867,24723,20754,27419,24961
month,3657,3780,3200,3862,3762
year,15489,15983,14075,17055,16274
event_name_1,2021,2065,1828,2248,2248
event_type_1,913,965,826,966,974
snap_CA,2152,2106,1891,2492,2155
snap_TX,4776,5149,4426,5590,5241
snap_WI,5584,6156,5172,6133,5841
day,40352,43474,36893,45800,44173
week,18250,19301,16650,21129,19784
sell_price,14726,15316,13350,16384,15583
rolling_mean_t7,53451,58790,50217,62830,59533
rolling_std_t7,57723,60662,52934,64570,61087
rolling_mean_t30,49394,53485,45614,56812,54745
rolling_std_t30,37251,40996,32826,43696,41847
rolling_mean_t90,37157,40397,33560,43181,40603
rolling_mean_t180,37823,40833,35257,43925,42513
rolling_mean_t60,42172,44935,37811,47552,45344
rolling_std_t60,34030,36496,30010,39545,37903
lag_price_t1,11628,12367,10627,13017,12634
price_change_t1,346,435,273,447,421
rolling_price_max_t365,22741,23652,21310,25822,25383
price_change_t365,11112,11374,9894,11951,11568
rolling_price_std_t7,2713,2938,2454,2975,2892
rolling_price_std_t30,9631,9641,9093,10459,10307
item_id_gb_sell_price,26894,27619,24126,29366,28079
---,---,---,---,---,---
item_id,43163,32932,37333,45337,43101
dept_id,2003,1662,1785,2379,2282
cat_id,699,468,587,713,730
store_id,20042,14299,16491,21352,20173
state_id,3561,2760,3285,3973,3685
weekday,21962,15229,18613,24913,23468
month,3044,2380,2600,3337,3234
year,13750,10548,11804,15109,14162
event_name_1,1770,1422,1414,1967,1926
event_type_1,889,708,804,1010,943
snap_CA,1876,1342,1524,2213,2021
snap_TX,4670,3091,3834,5324,4824
snap_WI,5287,3839,4407,5952,5589
day,38990,27568,33884,43892,41321
week,16681,12430,14072,18283,17530
sell_price,14212,10918,11876,14987,14137
rolling_mean_t7,55177,39135,47140,59864,56475
rolling_std_t7,62038,42555,52659,66704,64208
rolling_mean_t30,50380,34747,42396,56527,52808
rolling_std_t30,37530,25921,31246,42749,40186
rolling_mean_t90,34870,25154,29541,40537,37797
rolling_mean_t180,38533,27510,32161,44017,41165
rolling_mean_t60,41395,28637,34948,46509,43428
rolling_std_t60,31484,22569,25826,36557,34050
lag_price_t1,11572,8461,9560,12605,11537
price_change_t1,279,276,230,503,346
rolling_price_max_t365,23511,17339,19467,25497,23680
price_change_t365,11123,8316,9369,11650,10774
rolling_price_std_t7,2579,1927,2362,3101,2713
rolling_price_std_t30,9687,6785,7968,10437,9780
item_id_gb_sell_price,26364,19951,22258,29017,27145
store_id_gb_sell_price,25919,17884,21246,27623,26433
---,---,---,---,---,---
item_id,39075,44497,47522,50793,40741
dept_id,1908,2119,2331,2247,1965
cat_id,484,549,654,618,539
store_id,19475,22533,24220,26416,20713
state_id,3989,4555,5019,5380,4365
weekday,15456,18083,20279,21865,17301
month,2447,2872,2965,3337,2595
year,8453,9848,10838,11509,9309
event_name_1,1331,1447,1556,1645,1327
event_type_1,605,696,755,810,659
snap_CA,1470,1722,1907,2038,1668
snap_TX,3237,3818,4301,4802,3615
snap_WI,3626,4582,4972,5445,4250
day,30707,36687,39165,43030,33854
week,13872,16089,16686,18370,14828
sell_price,16048,18166,18992,19831,16865
rolling_mean_t7,42455,49813,53816,57466,45182
rolling_std_t7,46318,55847,58902,64074,50594
rolling_mean_t30,40474,47005,49266,53281,43617
rolling_std_t30,27466,33746,35953,38640,29778
rolling_mean_t90,25386,30602,32870,35371,27113
rolling_mean_t180,30015,36532,37984,41074,32153
rolling_mean_t60,30731,37107,39223,43440,32742
rolling_std_t60,25967,30500,31731,35680,27960
lag_price_t1,13014,16019,16439,17524,13984
price_change_t1,270,291,286,413,383
rolling_price_max_t365,18700,21124,21619,24475,19065
price_change_t365,8972,9382,10085,10716,9298
rolling_price_std_t7,2065,2271,2620,2806,2386
rolling_price_std_t30,7029,8517,8862,9897,9042
---,---,---,---,---,---
item_id,46036,50098,41072,54054,50175
dept_id,2235,2376,1996,2739,2457
cat_id,666,750,607,792,734
store_id,21570,23600,19256,24558,23641
state_id,4675,4894,4250,5609,4759
weekday,21063,23560,19671,25535,23316
month,3586,4266,3378,4426,4113
year,15594,17163,14530,18885,17631
event_name_1,1520,1822,1466,2041,1731
event_type_1,873,985,921,1084,1146
snap_CA,2182,2281,1846,2647,2351
snap_TX,4359,5070,3564,5527,4843
snap_WI,4866,5485,4355,5969,5405
day,35638,41467,33283,44716,41039
week,16708,18016,15247,19978,18148
sell_price,31160,33715,28275,37425,34925
rolling_mean_t7,50633,56522,46057,62094,55721
rolling_std_t7,55789,61602,52092,68758,61918
rolling_mean_t30,46195,51779,40768,56939,51287
rolling_std_t30,33757,38176,30146,41624,38276
rolling_mean_t90,34675,38854,30334,41981,38248
rolling_mean_t180,36487,41319,33215,44241,40852
rolling_mean_t60,34826,39767,31724,44152,40053
rolling_std_t60,29686,33217,27907,36885,33032
price_change_t1,290,447,371,421,342
price_change_t365,14445,15929,12981,17263,15634
rolling_price_std_t7,2498,2980,2434,2945,2756
rolling_price_std_t30,8866,10242,7957,10410,9802
---,---,---,---,---,---
id,34365,36932,31434,25771,36028
item_id,30720,32204,28009,24900,31499
dept_id,1255,1354,1127,978,1345
cat_id,376,403,329,281,366
store_id,26939,28932,24831,21023,28962
state_id,4799,4980,4433,3853,5095
weekday,20696,21961,19437,15864,22666
month,4269,4375,3845,3250,4473
year,15496,16361,14741,12281,16424
event_name_1,1864,1918,1725,1447,1975
event_type_1,958,1070,854,809,1006
snap_CA,1990,2273,1855,1577,2134
snap_TX,4583,4909,4278,3397,4842
snap_WI,4868,4929,4445,3560,5048
day,40007,42258,36145,30897,41749
week,20514,21959,19185,16125,21804
sell_price,27202,28583,25024,20844,28574
lag_t28,34209,37040,31735,27204,36238
lag_t29,36681,39804,33209,27736,38906
lag_t30,35581,38428,32074,27311,37963
rolling_mean_t7,49529,52828,44988,38484,52118
rolling_std_t7,59004,64116,52015,44548,63978
rolling_mean_t30,49448,53499,44731,37377,53682
rolling_std_t30,41790,45153,36627,30339,45008
rolling_mean_t90,41955,43773,37592,30690,43135
rolling_mean_t180,44588,47331,40617,32953,47950
rolling_mean_t60,43380,46083,37783,31270,45986
rolling_std_t60,36677,38703,32511,26778,38684
price_change_t1,277,349,285,261,367
price_change_t365,15783,16259,14035,12348,16435
rolling_price_std_t7,2830,2826,2488,2066,2836
rolling_price_std_t30,10440,11017,9242,7775,11196
item_id_gb_sell_price,22949,24598,20971,18079,24802
item_id_gb_sell_price_std,1603,1592,1333,1319,1432
---,---,---,---,---,---
id,7318,10925,10448,8893,10286
item_id,5012,7966,8123,6866,7856
dept_id,296,366,372,330,386
cat_id,120,150,140,121,135
store_id,5090,7576,7414,6426,7145
state_id,1077,1462,1320,1219,1398
weekday,4939,7885,7307,6386,7498
month,788,1130,1091,925,1173
year,2934,4444,4416,3795,4230
event_name_1,794,943,1015,893,950
event_type_1,344,441,434,391,422
snap_CA,455,578,637,543,582
snap_TX,1206,1631,1633,1347,1636
snap_WI,1325,1786,1692,1560,1717
day,10255,15587,14718,12624,14800
week,4628,6563,6379,5683,6242
sell_price,5351,8700,9060,7639,8414
sales_rolling_mean_t7,8594,12316,11920,10371,11921
rolling_mean_t7,12676,18539,18042,15126,17681
rolling_std_t7,14324,21825,20994,18575,20656
sales_rolling_mean_t28,8174,11426,11466,10124,11296
rolling_mean_t28,10065,15808,15582,13150,15491
rolling_std_t28,5327,8945,8597,7240,8454
sales_rolling_mean_t56,7441,10873,10659,8982,10283
rolling_mean_t56,7193,12202,11382,9782,11554
rolling_std_t56,3742,6476,6174,5354,6172
sales_rolling_mean_t112,7935,11788,11396,9931,11237
rolling_mean_t112,6594,9742,9350,8341,9492
rolling_std_t112,3314,5610,5566,4621,5384
sales_rolling_mean_t168,8065,11907,11481,9993,11365
rolling_mean_t168,6706,10598,10400,8854,10175
rolling_std_t168,4267,6874,6551,5396,6452
lag_t28,8731,13867,13078,11057,13029
lag_t29,8756,12911,12523,10868,12395
lag_t30,8686,13515,13639,11261,13162
lag_t31,9580,14199,13604,12065,13464
lag_t32,8854,13606,12948,11663,12902
lag_t33,9156,13115,12818,11480,12785
lag_t34,9515,14273,13793,12298,14048
item_id_gb_sell_price,4874,6650,6737,5736,6535
item_id_gb_sell_price_std,904,980,1044,953,1046
---,---,---,---,---,---
id,11051,9548,9838,7787,9357
item_id,8438,7556,7681,5962,7115
dept_id,441,388,406,382,433
cat_id,132,120,144,109,132
store_id,8473,7503,7226,5914,7160
state_id,1509,1377,1311,1074,1469
weekday,8397,7054,7122,5568,6585
month,1259,1037,1097,802,1030
year,4705,3921,3948,3150,3750
event_name_1,1034,930,904,869,918
event_type_1,559,476,474,437,464
snap_CA,1029,874,864,737,909
snap_TX,1815,1543,1543,1327,1607
snap_WI,2178,1886,1882,1564,1821
day,14363,12328,12473,9900,12042
week,7526,6618,6585,5366,6483
sell_price,9097,7708,7675,6567,7396
sales_rolling_mean_t7,12681,11368,11088,9348,11332
rolling_mean_t7,20310,17515,17270,13930,17096
rolling_std_t7,22461,18738,18712,15510,18208
sales_rolling_mean_t28,12495,11123,10898,9432,10885
rolling_mean_t28,16535,13859,13479,10574,12742
rolling_std_t28,9619,7607,7959,6622,7949
sales_rolling_mean_t56,11630,10342,10243,8583,9939
rolling_mean_t56,12714,10824,11102,8771,10511
rolling_std_t56,7589,5940,5993,4634,5585
sales_rolling_mean_t112,11720,10282,10312,8361,9992
rolling_mean_t112,10424,8713,8927,7041,8132
rolling_std_t112,6007,4952,5091,4029,4879
sales_rolling_mean_t168,12687,11719,11438,9696,11573
rolling_mean_t168,11242,9736,9931,7783,9214
rolling_std_t168,6409,5198,5375,3970,5022
lag_t28,15914,14247,13756,11796,13648
lag_t29,15652,13506,13048,11385,13019
lag_t30,15778,13554,13674,11511,13612
lag_t31,15382,13308,13626,10848,13139
item_id_gb_sell_price,7474,6327,6633,5218,6428
item_id_gb_sell_price_std,1026,949,946,895,910
---,---,---,---,---,---
id,28973,30394,27948,30925,30336
item_id,24084,26163,22777,25874,25438
dept_id,983,1139,914,1117,1088
cat_id,283,294,254,301,309
store_id,20709,21686,19356,22249,20856
state_id,4574,4590,4415,4734,4602
weekday,17065,18440,16004,18742,17890
month,3388,3307,3091,3268,3277
year,12524,13155,11822,13418,12871
event_name_1,1644,1719,1534,1591,1773
event_type_1,754,749,727,732,744
snap_CA,1620,1706,1483,1648,1620
snap_TX,3512,3873,3484,3887,3977
snap_WI,3811,4012,3523,3964,3893
day,32769,34095,30734,34904,34386
week,17419,18092,16203,18526,17991
sell_price,24638,25623,22639,25382,25206
lag_t28,26878,27993,26282,27588,28216
lag_t29,27741,28941,27054,28434,28780
lag_t30,25850,26519,24473,26707,26978
lag_t31,25997,27426,24738,27535,27401
lag_t32,25790,27254,25357,27426,27303
lag_t33,25576,27067,24162,27013,26988
lag_t34,25382,26924,24978,27105,26783
rolling_mean_t7,36408,38093,34511,38342,37991
rolling_std_t7,44981,48046,42349,47991,48294
rolling_mean_t28,39032,40364,37109,41127,40444
rolling_std_t28,31592,34367,30079,34559,34746
rolling_mean_t56,31697,32771,29862,33937,32930
rolling_std_t56,23536,25821,22980,26593,25798
rolling_mean_t84,25445,27614,24483,27911,27538
rolling_std_t84,18400,19675,17461,19848,19561
rolling_mean_t112,23227,25405,21785,25118,24975
rolling_std_t112,17789,19332,16859,19735,19023
rolling_mean_t168,27945,30296,26419,30294,30021
rolling_std_t168,23005,24864,21862,25052,24364
price_change_t1,294,313,231,342,304
price_change_t365,13030,14048,12632,13614,13656
rolling_price_std_t7,2018,2194,2338,2180,2228
rolling_price_std_t28,8246,8230,7620,8314,8238
item_id_gb_sell_price,17683,18724,16936,19374,18450
item_id_gb_sell_price_std,1333,1341,1311,1399,1298
---,---,---,---,---,---
id,21106,25522,25023,25336,24901
item_id,19043,22836,23987,23604,23200
dept_id,745,976,937,845,998
cat_id,214,268,248,262,249
store_id,15284,18678,18507,18950,19136
state_id,3187,4096,3929,3960,3896
weekday,11317,14370,14284,14473,14025
month,2562,3046,3124,3260,3066
year,9589,11345,11269,11335,11753
event_name_1,1232,1427,1454,1538,1431
event_type_1,617,739,690,801,688
snap_CA,1267,1523,1573,1571,1584
snap_TX,2608,3196,3217,3175,3206
snap_WI,2583,3449,3500,3325,3250
day,22955,28812,28526,28554,28389
week,12726,15758,15898,15768,15805
sell_price,14240,16620,16778,16868,17254
lag_t28,14825,17926,17980,17731,17677
lag_t29,14520,17402,17572,17741,17453
lag_t30,14318,18134,17682,17749,17113
lag_t31,14229,17879,17242,17692,17821
lag_t32,14110,17739,17194,17465,17518
lag_t33,13085,16717,16187,16544,16298
lag_t34,14438,18261,17828,17712,17782
rolling_mean_t7,22904,28433,28237,28557,27589
rolling_std_t7,29198,38175,37990,38788,37829
rolling_mean_t28,28450,35849,35242,35804,34707
rolling_std_t28,21244,27337,27350,27194,27113
rolling_mean_t56,24695,30870,30741,30496,30280
rolling_std_t56,18136,22988,23309,23230,23292
rolling_mean_t84,18903,23924,24190,24176,23611
rolling_std_t84,13310,17126,17877,17891,17815
rolling_mean_t112,16227,20123,20660,21001,19815
rolling_std_t112,12994,16148,16225,16657,16186
rolling_mean_t168,21231,26516,27559,27292,26523
rolling_std_t168,16803,21042,21295,21321,21632
price_change_t1,256,321,234,397,260
price_change_t365,10032,11413,11826,11996,12019
rolling_price_std_t7,1601,1996,2046,1979,2125
rolling_price_std_t28,6296,7825,7639,7743,7531
revenue_lag_t28,18692,23462,23643,23369,22603
revenue_lag_t29,19287,25291,24775,24873,24460
revenue_lag_t30,18660,24203,23995,24189,23535
revenue_lag_t31,17702,22607,22876,22841,22471
revenue_lag_t32,18392,23806,23336,23805,22964
revenue_lag_t33,17986,22886,23097,22927,22795
revenue_lag_t34,18918,24336,24140,24335,23624
item_id_gb_sell_price,10966,13810,14331,14102,13918
item_id_gb_sell_price_std,1122,1359,1323,1437,1187
---,---,---,---,---,---
id,30215,29604,25924,29433,29144
item_id,26970,26733,24395,26607,26508
dept_id,1109,1198,1020,1208,1094
cat_id,293,324,267,316,299
store_id,21120,21805,19751,21400,21748
state_id,4584,4515,4155,4389,4475
weekday,17255,17447,16219,16745,17762
month,3636,3570,3198,3379,3537
year,13319,13182,12135,13331,13312
event_name_1,1734,1576,1519,1505,1622
event_type_1,943,933,887,922,863
snap_CA,1973,1818,1621,1711,2027
snap_TX,3840,3883,3420,3746,3768
snap_WI,4161,4247,3597,4103,4036
day,33875,34034,30395,33395,33149
week,18451,18113,16279,17399,17603
sell_price,9642,9457,8139,9276,9368
lag_t28,27744,27383,25182,26883,27662
lag_t29,29696,29107,26980,28475,28894
lag_t30,27126,26351,23408,25700,26472
lag_t31,28232,27591,25198,27037,27031
lag_t32,27276,26482,23644,26374,26787
lag_t33,27876,27520,25442,26664,27317
lag_t34,29470,28963,26671,28072,29270
rolling_mean_t7,36670,36030,31689,35138,36771
rolling_std_t7,46959,47337,41781,45384,47340
rolling_mean_t28,41008,40831,36029,38976,40739
rolling_std_t28,33534,33209,28827,32074,32677
rolling_mean_t56,34352,35140,30675,33492,34743
rolling_std_t56,25213,25929,22728,24125,25288
rolling_mean_t84,27432,27401,24494,27059,28126
rolling_std_t84,20076,20252,17773,19461,20082
rolling_mean_t112,25074,25545,22651,24847,25317
rolling_std_t112,20218,20758,17155,19983,20298
rolling_mean_t168,29583,29899,26593,29505,29778
rolling_std_t168,23333,23914,20946,24012,23468
price_change_t1,316,259,271,307,291
price_change_t365,13589,13525,12121,13101,13045
rolling_price_std_t7,1839,1944,1748,1896,2008
rolling_price_std_t28,8684,8663,7812,8534,8919
price_lag_t1,5643,5666,5118,5787,5614
price_lag_t2,4486,4385,3908,4376,4376
price_lag_t3,6188,6075,5434,6153,6077
price_lag_t4,5191,5255,4658,5287,5267
price_lag_t5,5582,5570,5031,5598,5591
price_lag_t6,5547,5613,5037,5441,5518
item_id_gb_sell_price,6523,6454,5736,6327,6349
item_id_gb_sell_price_std,1220,1263,1071,1350,1229
---,---,---,---,---,---
id,36666,52771,57041,44721,56719
item_id,33870,49518,52658,39752,52190
dept_id,1444,2058,2223,1726,2165
cat_id,414,587,604,517,623
store_id,26301,37889,41255,30895,41148
state_id,5711,7915,8403,6850,8509
weekday,20691,34239,36458,26778,34971
month,4303,6123,6437,5172,6364
year,16673,23552,24297,19643,24256
event_name_1,1907,2991,3032,2331,3256
event_type_1,1105,1683,1650,1330,1582
snap_CA,2133,3473,3602,2554,3678
snap_TX,4923,7423,8142,5919,8136
snap_WI,4616,7751,8362,6201,8048
day,43848,64205,66603,54123,65443
week,21301,31884,33576,25322,33103
sell_price,17784,25406,27127,20621,27433
lag_t28,33419,47721,50438,39633,49138
lag_t29,35206,50883,55178,42962,53722
lag_t30,31617,46331,49267,38674,48366
lag_t31,33229,49265,51592,40716,50411
lag_t32,31929,47110,49758,39640,49024
lag_t33,33242,49092,51033,40679,49829
lag_t34,35321,51747,53971,42671,53140
rolling_mean_t7,43264,64090,68703,51447,66755
rolling_std_t7,60903,91112,97888,75025,95418
rolling_mean_t28,50102,75566,80128,63202,79872
rolling_std_t28,41036,67042,72081,53059,71779
rolling_mean_t56,43120,67274,72052,52135,70510
rolling_std_t56,33889,52389,56509,42053,55758
rolling_mean_t84,35234,54409,58286,43706,58260
rolling_std_t84,25876,42805,45071,32165,44732
rolling_mean_t112,31198,50878,53885,39722,53531
rolling_std_t112,25730,41834,45336,32795,45520
rolling_mean_t168,37347,59339,62344,46715,62581
rolling_std_t168,31312,47907,51447,38859,50893
price_change_t1,413,529,637,352,583
price_change_t365,16066,22756,24128,19021,23746
rolling_price_std_t7,2455,3796,4028,3087,4263
rolling_price_std_t28,9476,14375,15957,11113,15020
price_lag_t28,8774,12457,13298,10393,13567
price_lag_t29,6014,8286,9231,7188,9248
price_lag_t30,7088,10276,10885,8536,10813
price_lag_t31,5727,8123,8557,6607,8864
price_lag_t32,6150,8830,9416,7236,9515
price_lag_t33,5485,8356,8800,7077,8727
price_lag_t34,6975,10527,11369,8667,11204
rolling_price_std_t14,4273,6957,7067,5290,6922
---,---,---,---,---,---
id,38707,53708,48708,40161,40146
item_id,35349,51249,43750,36828,38805
dept_id,1296,2029,1762,1348,1365
cat_id,313,512,488,380,373
store_id,28058,40939,35393,28880,29853
state_id,5762,7926,6841,6138,5947
weekday,22493,37566,31220,24713,26287
month,4061,5565,5135,4235,4295
year,15089,21108,19033,15662,16254
event_name_1,2390,3063,2909,2301,2449
event_type_1,1065,1477,1320,1098,1152
snap_CA,2264,3299,2955,2489,2534
snap_TX,4919,7912,6947,5397,5601
snap_WI,5222,8457,7143,5620,6193
day,43625,67708,57895,46253,48666
week,22185,31960,28931,23087,24110
sell_price,17232,23797,21454,17977,17852
lag_t28,32472,46561,40954,34572,36604
lag_t29,35921,50693,46616,38192,39719
lag_t30,35286,52306,46508,37807,39731
lag_t31,34836,49720,43594,36660,38118
lag_t32,35283,50297,44843,37681,39606
lag_t33,31523,47205,42157,34747,35923
lag_t34,36783,51654,45962,39949,40469
rolling_mean_t7,49153,70774,63694,52414,54234
rolling_std_t7,60684,90842,80623,64354,67853
rolling_mean_t28,50776,78326,68195,53111,55855
rolling_std_t28,46473,73455,63546,49091,51944
rolling_mean_t56,44992,68440,59862,47967,50766
rolling_std_t56,37102,57647,50311,37726,40699
rolling_mean_t84,34977,53996,46141,36564,38113
rolling_std_t84,25129,37960,32529,25766,26796
rolling_mean_t112,32336,50288,43589,33157,35731
rolling_std_t112,24828,41071,34683,26244,27970
rolling_mean_t168,37942,58380,51635,39417,42162
rolling_std_t168,34138,50928,43961,34861,36888
price_change_t1,313,389,449,400,360
price_change_t365,6665,9871,8920,7204,7463
rolling_price_std_t7,2331,3366,2998,2371,2586
rolling_price_std_t28,6587,10597,8917,6767,7318
price_lag_t28,9968,14227,12466,10352,10527
price_lag_t29,7418,10776,9647,7763,8155
price_lag_t30,6127,8854,7636,6446,6647
price_lag_t31,5165,7434,6620,5303,5297
price_lag_t32,5650,8008,7073,5687,5807
price_lag_t33,5262,7532,6740,5343,5724
price_lag_t34,6376,9123,7987,6600,6777
rolling_price_std_t14,3981,5957,5464,4081,4134
price_change_t180,3695,5343,4774,3981,4037
price_change_t60,3044,4209,3689,3330,3173
price_change_t28,3874,5732,4940,4339,4297
rolling_price_std_t56,13106,19336,16417,13431,14238
rolling_price_std_t112,16966,24537,21191,17516,18149
rolling_price_std_t168,20268,29796,26035,21029,22273
---,---,---,---,---,---
id,50662,39881,35941,36167,37086
item_id,45551,35896,34669,34401,35749
dept_id,2001,1826,1514,1553,1602
cat_id,564,415,383,398,382
store_id,38750,30828,28540,28915,29479
state_id,8257,6400,5731,5902,6157
weekday,33601,25315,22840,22549,23695
month,5706,4742,4329,4452,4439
year,22352,17727,16415,16115,16510
event_name_1,3204,2470,2332,2274,2299
event_type_1,1421,1149,996,1005,925
snap_CA,3000,2174,2030,2132,2210
snap_TX,7002,5377,4923,5151,5021
snap_WI,7997,6145,5356,5395,5617
day,63344,49556,44582,44681,46154
week,30440,23627,21053,21954,22263
sell_price,17812,14288,13134,13445,13245
lag_t28,47197,38097,36139,35388,36757
lag_t29,48538,39082,35320,35753,37290
lag_t30,47739,39400,36209,35702,37607
lag_t31,46475,38021,34305,34840,35921
lag_t32,47535,38034,33932,34939,36413
lag_t33,45412,37768,34814,34767,36468
lag_t34,45847,35757,32796,32626,34321
rolling_mean_t7,65007,52073,48085,48116,50019
rolling_std_t7,86348,68235,60497,61436,64197
rolling_mean_t28,72375,56753,51307,51625,53601
rolling_std_t28,71107,53760,47791,47956,50022
rolling_mean_t56,68394,52542,47349,47404,49994
rolling_std_t56,52681,39754,36191,36123,37353
rolling_mean_t84,49954,38912,34055,34060,36198
rolling_std_t84,40233,29770,26301,26369,27491
rolling_mean_t112,44160,33063,30653,30485,31165
rolling_std_t112,37284,28348,24872,25974,26531
rolling_mean_t168,55956,44717,39513,39422,41362
rolling_std_t168,46127,34726,30690,31539,31866
price_change_t1,496,348,254,336,322
price_change_t365,19301,16238,14411,14849,15450
rolling_price_std_t7,3563,2681,2503,2455,2537
rolling_price_std_t28,10281,8541,7147,7769,8131
price_lag_t28,11712,9268,8197,8575,8510
price_lag_t29,8280,6691,6180,6205,6530
price_lag_t30,6644,5490,5035,4879,5047
price_lag_t31,6071,4498,4235,4294,4475
price_lag_t32,7447,5768,5073,5476,5400
price_lag_t33,6647,5400,5079,5162,5323
price_lag_t34,8174,6582,6084,6383,6522
rolling_price_std_t56,18690,15248,14010,14150,14708
rolling_price_std_t112,23536,19029,17114,17246,17980
rolling_price_std_t168,28557,22584,20407,20637,21603
item_id_gb_sell_price,14191,11371,10447,10703,11019
item_id_gb_sell_price_std,2002,1660,1602,1423,1539
